--
-- PostgreSQL database dump
--

\restrict D3jDHTmcdioJvwSvGHrkRWKFhDKckV3BaUn2pg8dInCxhhBqecN8k71z8ck0ngo

-- Dumped from database version 18.1
-- Dumped by pg_dump version 18.1

-- Started on 2026-02-20 17:13:21

SET statement_timeout = 0;
SET lock_timeout = 0;
SET idle_in_transaction_session_timeout = 0;
SET transaction_timeout = 0;
SET client_encoding = 'UTF8';
SET standard_conforming_strings = on;
SELECT pg_catalog.set_config('search_path', '', false);
SET check_function_bodies = false;
SET xmloption = content;
SET client_min_messages = warning;
SET row_security = off;

SET default_tablespace = '';

SET default_table_access_method = heap;

--
-- TOC entry 226 (class 1259 OID 17196)
-- Name: auth_group; Type: TABLE; Schema: public; Owner: postgres
--

CREATE TABLE public.auth_group (
    id integer NOT NULL,
    name character varying(150) NOT NULL
);


ALTER TABLE public.auth_group OWNER TO postgres;

--
-- TOC entry 225 (class 1259 OID 17195)
-- Name: auth_group_id_seq; Type: SEQUENCE; Schema: public; Owner: postgres
--

ALTER TABLE public.auth_group ALTER COLUMN id ADD GENERATED BY DEFAULT AS IDENTITY (
    SEQUENCE NAME public.auth_group_id_seq
    START WITH 1
    INCREMENT BY 1
    NO MINVALUE
    NO MAXVALUE
    CACHE 1
);


--
-- TOC entry 228 (class 1259 OID 17206)
-- Name: auth_group_permissions; Type: TABLE; Schema: public; Owner: postgres
--

CREATE TABLE public.auth_group_permissions (
    id bigint NOT NULL,
    group_id integer NOT NULL,
    permission_id integer NOT NULL
);


ALTER TABLE public.auth_group_permissions OWNER TO postgres;

--
-- TOC entry 227 (class 1259 OID 17205)
-- Name: auth_group_permissions_id_seq; Type: SEQUENCE; Schema: public; Owner: postgres
--

ALTER TABLE public.auth_group_permissions ALTER COLUMN id ADD GENERATED BY DEFAULT AS IDENTITY (
    SEQUENCE NAME public.auth_group_permissions_id_seq
    START WITH 1
    INCREMENT BY 1
    NO MINVALUE
    NO MAXVALUE
    CACHE 1
);


--
-- TOC entry 224 (class 1259 OID 17186)
-- Name: auth_permission; Type: TABLE; Schema: public; Owner: postgres
--

CREATE TABLE public.auth_permission (
    id integer NOT NULL,
    name character varying(255) NOT NULL,
    content_type_id integer NOT NULL,
    codename character varying(100) NOT NULL
);


ALTER TABLE public.auth_permission OWNER TO postgres;

--
-- TOC entry 223 (class 1259 OID 17185)
-- Name: auth_permission_id_seq; Type: SEQUENCE; Schema: public; Owner: postgres
--

ALTER TABLE public.auth_permission ALTER COLUMN id ADD GENERATED BY DEFAULT AS IDENTITY (
    SEQUENCE NAME public.auth_permission_id_seq
    START WITH 1
    INCREMENT BY 1
    NO MINVALUE
    NO MAXVALUE
    CACHE 1
);


--
-- TOC entry 230 (class 1259 OID 17215)
-- Name: auth_user; Type: TABLE; Schema: public; Owner: postgres
--

CREATE TABLE public.auth_user (
    id integer NOT NULL,
    password character varying(128) NOT NULL,
    last_login timestamp with time zone,
    is_superuser boolean NOT NULL,
    username character varying(150) NOT NULL,
    first_name character varying(150) NOT NULL,
    last_name character varying(150) NOT NULL,
    email character varying(254) NOT NULL,
    is_staff boolean NOT NULL,
    is_active boolean NOT NULL,
    date_joined timestamp with time zone NOT NULL
);


ALTER TABLE public.auth_user OWNER TO postgres;

--
-- TOC entry 232 (class 1259 OID 17234)
-- Name: auth_user_groups; Type: TABLE; Schema: public; Owner: postgres
--

CREATE TABLE public.auth_user_groups (
    id bigint NOT NULL,
    user_id integer NOT NULL,
    group_id integer NOT NULL
);


ALTER TABLE public.auth_user_groups OWNER TO postgres;

--
-- TOC entry 231 (class 1259 OID 17233)
-- Name: auth_user_groups_id_seq; Type: SEQUENCE; Schema: public; Owner: postgres
--

ALTER TABLE public.auth_user_groups ALTER COLUMN id ADD GENERATED BY DEFAULT AS IDENTITY (
    SEQUENCE NAME public.auth_user_groups_id_seq
    START WITH 1
    INCREMENT BY 1
    NO MINVALUE
    NO MAXVALUE
    CACHE 1
);


--
-- TOC entry 229 (class 1259 OID 17214)
-- Name: auth_user_id_seq; Type: SEQUENCE; Schema: public; Owner: postgres
--

ALTER TABLE public.auth_user ALTER COLUMN id ADD GENERATED BY DEFAULT AS IDENTITY (
    SEQUENCE NAME public.auth_user_id_seq
    START WITH 1
    INCREMENT BY 1
    NO MINVALUE
    NO MAXVALUE
    CACHE 1
);


--
-- TOC entry 234 (class 1259 OID 17243)
-- Name: auth_user_user_permissions; Type: TABLE; Schema: public; Owner: postgres
--

CREATE TABLE public.auth_user_user_permissions (
    id bigint NOT NULL,
    user_id integer NOT NULL,
    permission_id integer NOT NULL
);


ALTER TABLE public.auth_user_user_permissions OWNER TO postgres;

--
-- TOC entry 233 (class 1259 OID 17242)
-- Name: auth_user_user_permissions_id_seq; Type: SEQUENCE; Schema: public; Owner: postgres
--

ALTER TABLE public.auth_user_user_permissions ALTER COLUMN id ADD GENERATED BY DEFAULT AS IDENTITY (
    SEQUENCE NAME public.auth_user_user_permissions_id_seq
    START WITH 1
    INCREMENT BY 1
    NO MINVALUE
    NO MAXVALUE
    CACHE 1
);


--
-- TOC entry 237 (class 1259 OID 17344)
-- Name: authtoken_token; Type: TABLE; Schema: public; Owner: postgres
--

CREATE TABLE public.authtoken_token (
    key character varying(40) NOT NULL,
    created timestamp with time zone NOT NULL,
    user_id integer NOT NULL
);


ALTER TABLE public.authtoken_token OWNER TO postgres;

--
-- TOC entry 236 (class 1259 OID 17304)
-- Name: django_admin_log; Type: TABLE; Schema: public; Owner: postgres
--

CREATE TABLE public.django_admin_log (
    id integer NOT NULL,
    action_time timestamp with time zone NOT NULL,
    object_id text,
    object_repr character varying(200) NOT NULL,
    action_flag smallint NOT NULL,
    change_message text NOT NULL,
    content_type_id integer,
    user_id integer NOT NULL,
    CONSTRAINT django_admin_log_action_flag_check CHECK ((action_flag >= 0))
);


ALTER TABLE public.django_admin_log OWNER TO postgres;

--
-- TOC entry 235 (class 1259 OID 17303)
-- Name: django_admin_log_id_seq; Type: SEQUENCE; Schema: public; Owner: postgres
--

ALTER TABLE public.django_admin_log ALTER COLUMN id ADD GENERATED BY DEFAULT AS IDENTITY (
    SEQUENCE NAME public.django_admin_log_id_seq
    START WITH 1
    INCREMENT BY 1
    NO MINVALUE
    NO MAXVALUE
    CACHE 1
);


--
-- TOC entry 222 (class 1259 OID 17174)
-- Name: django_content_type; Type: TABLE; Schema: public; Owner: postgres
--

CREATE TABLE public.django_content_type (
    id integer NOT NULL,
    app_label character varying(100) NOT NULL,
    model character varying(100) NOT NULL
);


ALTER TABLE public.django_content_type OWNER TO postgres;

--
-- TOC entry 221 (class 1259 OID 17173)
-- Name: django_content_type_id_seq; Type: SEQUENCE; Schema: public; Owner: postgres
--

ALTER TABLE public.django_content_type ALTER COLUMN id ADD GENERATED BY DEFAULT AS IDENTITY (
    SEQUENCE NAME public.django_content_type_id_seq
    START WITH 1
    INCREMENT BY 1
    NO MINVALUE
    NO MAXVALUE
    CACHE 1
);


--
-- TOC entry 220 (class 1259 OID 17162)
-- Name: django_migrations; Type: TABLE; Schema: public; Owner: postgres
--

CREATE TABLE public.django_migrations (
    id bigint NOT NULL,
    app character varying(255) NOT NULL,
    name character varying(255) NOT NULL,
    applied timestamp with time zone NOT NULL
);


ALTER TABLE public.django_migrations OWNER TO postgres;

--
-- TOC entry 219 (class 1259 OID 17161)
-- Name: django_migrations_id_seq; Type: SEQUENCE; Schema: public; Owner: postgres
--

ALTER TABLE public.django_migrations ALTER COLUMN id ADD GENERATED BY DEFAULT AS IDENTITY (
    SEQUENCE NAME public.django_migrations_id_seq
    START WITH 1
    INCREMENT BY 1
    NO MINVALUE
    NO MAXVALUE
    CACHE 1
);


--
-- TOC entry 246 (class 1259 OID 17422)
-- Name: django_session; Type: TABLE; Schema: public; Owner: postgres
--

CREATE TABLE public.django_session (
    session_key character varying(40) NOT NULL,
    session_data text NOT NULL,
    expire_date timestamp with time zone NOT NULL
);


ALTER TABLE public.django_session OWNER TO postgres;

--
-- TOC entry 239 (class 1259 OID 17361)
-- Name: portfolio_contactmessage; Type: TABLE; Schema: public; Owner: postgres
--

CREATE TABLE public.portfolio_contactmessage (
    id bigint CONSTRAINT portfolio_contact_id_not_null NOT NULL,
    name character varying(100) CONSTRAINT portfolio_contact_name_not_null NOT NULL,
    email character varying(254) CONSTRAINT portfolio_contact_email_not_null NOT NULL,
    message text CONSTRAINT portfolio_contact_message_not_null NOT NULL,
    "timestamp" timestamp with time zone CONSTRAINT portfolio_contact_timestamp_not_null NOT NULL
);


ALTER TABLE public.portfolio_contactmessage OWNER TO postgres;

--
-- TOC entry 238 (class 1259 OID 17360)
-- Name: portfolio_contact_id_seq; Type: SEQUENCE; Schema: public; Owner: postgres
--

ALTER TABLE public.portfolio_contactmessage ALTER COLUMN id ADD GENERATED BY DEFAULT AS IDENTITY (
    SEQUENCE NAME public.portfolio_contact_id_seq
    START WITH 1
    INCREMENT BY 1
    NO MINVALUE
    NO MAXVALUE
    CACHE 1
);


--
-- TOC entry 245 (class 1259 OID 17403)
-- Name: portfolio_profile; Type: TABLE; Schema: public; Owner: postgres
--

CREATE TABLE public.portfolio_profile (
    id bigint NOT NULL,
    bio text NOT NULL,
    profile_pic character varying(100) NOT NULL,
    user_id integer NOT NULL,
    resume character varying(100)
);


ALTER TABLE public.portfolio_profile OWNER TO postgres;

--
-- TOC entry 244 (class 1259 OID 17402)
-- Name: portfolio_profile_id_seq; Type: SEQUENCE; Schema: public; Owner: postgres
--

ALTER TABLE public.portfolio_profile ALTER COLUMN id ADD GENERATED BY DEFAULT AS IDENTITY (
    SEQUENCE NAME public.portfolio_profile_id_seq
    START WITH 1
    INCREMENT BY 1
    NO MINVALUE
    NO MAXVALUE
    CACHE 1
);


--
-- TOC entry 241 (class 1259 OID 17374)
-- Name: portfolio_project; Type: TABLE; Schema: public; Owner: postgres
--

CREATE TABLE public.portfolio_project (
    id bigint NOT NULL,
    title character varying(200) NOT NULL,
    description text NOT NULL,
    image character varying(100) NOT NULL,
    tech_stack character varying(200) NOT NULL,
    github_link character varying(200) NOT NULL,
    live_link character varying(200) NOT NULL,
    created_at timestamp with time zone NOT NULL,
    slug character varying(50) NOT NULL
);


ALTER TABLE public.portfolio_project OWNER TO postgres;

--
-- TOC entry 240 (class 1259 OID 17373)
-- Name: portfolio_project_id_seq; Type: SEQUENCE; Schema: public; Owner: postgres
--

ALTER TABLE public.portfolio_project ALTER COLUMN id ADD GENERATED BY DEFAULT AS IDENTITY (
    SEQUENCE NAME public.portfolio_project_id_seq
    START WITH 1
    INCREMENT BY 1
    NO MINVALUE
    NO MAXVALUE
    CACHE 1
);


--
-- TOC entry 243 (class 1259 OID 17390)
-- Name: portfolio_skill; Type: TABLE; Schema: public; Owner: postgres
--

CREATE TABLE public.portfolio_skill (
    id bigint NOT NULL,
    name character varying(100) NOT NULL,
    proficiency integer NOT NULL
);


ALTER TABLE public.portfolio_skill OWNER TO postgres;

--
-- TOC entry 242 (class 1259 OID 17389)
-- Name: portfolio_skill_id_seq; Type: SEQUENCE; Schema: public; Owner: postgres
--

ALTER TABLE public.portfolio_skill ALTER COLUMN id ADD GENERATED BY DEFAULT AS IDENTITY (
    SEQUENCE NAME public.portfolio_skill_id_seq
    START WITH 1
    INCREMENT BY 1
    NO MINVALUE
    NO MAXVALUE
    CACHE 1
);


--
-- TOC entry 5155 (class 0 OID 17196)
-- Dependencies: 226
-- Data for Name: auth_group; Type: TABLE DATA; Schema: public; Owner: postgres
--

COPY public.auth_group (id, name) FROM stdin;
\.


--
-- TOC entry 5157 (class 0 OID 17206)
-- Dependencies: 228
-- Data for Name: auth_group_permissions; Type: TABLE DATA; Schema: public; Owner: postgres
--

COPY public.auth_group_permissions (id, group_id, permission_id) FROM stdin;
\.


--
-- TOC entry 5153 (class 0 OID 17186)
-- Dependencies: 224
-- Data for Name: auth_permission; Type: TABLE DATA; Schema: public; Owner: postgres
--

COPY public.auth_permission (id, name, content_type_id, codename) FROM stdin;
1	Can add log entry	1	add_logentry
2	Can change log entry	1	change_logentry
3	Can delete log entry	1	delete_logentry
4	Can view log entry	1	view_logentry
5	Can add permission	3	add_permission
6	Can change permission	3	change_permission
7	Can delete permission	3	delete_permission
8	Can view permission	3	view_permission
9	Can add group	2	add_group
10	Can change group	2	change_group
11	Can delete group	2	delete_group
12	Can view group	2	view_group
13	Can add user	4	add_user
14	Can change user	4	change_user
15	Can delete user	4	delete_user
16	Can view user	4	view_user
17	Can add content type	5	add_contenttype
18	Can change content type	5	change_contenttype
19	Can delete content type	5	delete_contenttype
20	Can view content type	5	view_contenttype
21	Can add session	6	add_session
22	Can change session	6	change_session
23	Can delete session	6	delete_session
24	Can view session	6	view_session
25	Can add project	9	add_project
26	Can change project	9	change_project
27	Can delete project	9	delete_project
28	Can view project	9	view_project
29	Can add skill	10	add_skill
30	Can change skill	10	change_skill
31	Can delete skill	10	delete_skill
32	Can view skill	10	view_skill
33	Can add contact message	7	add_contactmessage
34	Can change contact message	7	change_contactmessage
35	Can delete contact message	7	delete_contactmessage
36	Can view contact message	7	view_contactmessage
37	Can add profile	8	add_profile
38	Can change profile	8	change_profile
39	Can delete profile	8	delete_profile
40	Can view profile	8	view_profile
41	Can add Token	11	add_token
42	Can change Token	11	change_token
43	Can delete Token	11	delete_token
44	Can view Token	11	view_token
45	Can add Token	12	add_tokenproxy
46	Can change Token	12	change_tokenproxy
47	Can delete Token	12	delete_tokenproxy
48	Can view Token	12	view_tokenproxy
\.


--
-- TOC entry 5159 (class 0 OID 17215)
-- Dependencies: 230
-- Data for Name: auth_user; Type: TABLE DATA; Schema: public; Owner: postgres
--

COPY public.auth_user (id, password, last_login, is_superuser, username, first_name, last_name, email, is_staff, is_active, date_joined) FROM stdin;
1	pbkdf2_sha256$1200000$acRUwU2pkOLW1xtW4KjrHp$PdDAxfBTVLsyzNNYUjl6YZB1U3DdZyZ+lDyQF9bJR7w=	2026-02-20 15:46:20.781077+05:30	f	KDJcompany			k@gmail.com	f	t	2026-02-19 09:58:20.324102+05:30
6	pbkdf2_sha256$1200000$Izlafw13e21yhKM5fArhrD$g+jnhPP8eAaQk7YJmbNKj2vbBPuMaY84EPjOwCWhNjo=	2026-02-20 16:51:49.340955+05:30	t	Gautham			g@gmail.com	t	t	2026-02-20 10:44:51.982234+05:30
4	pbkdf2_sha256$1200000$WtYvMSDMaXlwnHiqOHkIe3$EYpv+6PON8poyuaZmMvaaDg7Lp63QzKMK6rnIL9ER5g=	2026-02-20 17:00:17.042332+05:30	t	gauth			g@gmail.com	t	t	2026-02-19 11:14:49.964441+05:30
\.


--
-- TOC entry 5161 (class 0 OID 17234)
-- Dependencies: 232
-- Data for Name: auth_user_groups; Type: TABLE DATA; Schema: public; Owner: postgres
--

COPY public.auth_user_groups (id, user_id, group_id) FROM stdin;
\.


--
-- TOC entry 5163 (class 0 OID 17243)
-- Dependencies: 234
-- Data for Name: auth_user_user_permissions; Type: TABLE DATA; Schema: public; Owner: postgres
--

COPY public.auth_user_user_permissions (id, user_id, permission_id) FROM stdin;
\.


--
-- TOC entry 5166 (class 0 OID 17344)
-- Dependencies: 237
-- Data for Name: authtoken_token; Type: TABLE DATA; Schema: public; Owner: postgres
--

COPY public.authtoken_token (key, created, user_id) FROM stdin;
\.


--
-- TOC entry 5165 (class 0 OID 17304)
-- Dependencies: 236
-- Data for Name: django_admin_log; Type: TABLE DATA; Schema: public; Owner: postgres
--

COPY public.django_admin_log (id, action_time, object_id, object_repr, action_flag, change_message, content_type_id, user_id) FROM stdin;
1	2026-02-19 11:17:03.487118+05:30	4	gauth's Profile	2	[{"changed": {"fields": ["Profile pic", "Resume"]}}]	8	4
2	2026-02-20 10:50:36.251197+05:30	6	Gautham's Profile	2	[{"changed": {"fields": ["Resume"]}}]	8	6
3	2026-02-20 10:54:39.358949+05:30	6	Gautham's Profile	2	[]	8	6
4	2026-02-20 10:55:18.198257+05:30	4	gauth's Profile	2	[{"changed": {"fields": ["Resume"]}}]	8	6
5	2026-02-20 10:56:44.700103+05:30	5	bichu	3		4	6
6	2026-02-20 10:56:44.700206+05:30	3	testuser_auth_verify	3		4	6
7	2026-02-20 10:56:44.700263+05:30	2	testuser_verification	3		4	6
\.


--
-- TOC entry 5151 (class 0 OID 17174)
-- Dependencies: 222
-- Data for Name: django_content_type; Type: TABLE DATA; Schema: public; Owner: postgres
--

COPY public.django_content_type (id, app_label, model) FROM stdin;
1	admin	logentry
2	auth	group
3	auth	permission
4	auth	user
5	contenttypes	contenttype
6	sessions	session
7	portfolio	contactmessage
8	portfolio	profile
9	portfolio	project
10	portfolio	skill
11	authtoken	token
12	authtoken	tokenproxy
\.


--
-- TOC entry 5149 (class 0 OID 17162)
-- Dependencies: 220
-- Data for Name: django_migrations; Type: TABLE DATA; Schema: public; Owner: postgres
--

COPY public.django_migrations (id, app, name, applied) FROM stdin;
1	contenttypes	0001_initial	2026-02-19 09:36:37.202135+05:30
2	auth	0001_initial	2026-02-19 09:36:37.288066+05:30
3	admin	0001_initial	2026-02-19 09:36:37.318309+05:30
4	admin	0002_logentry_remove_auto_add	2026-02-19 09:36:37.326237+05:30
5	admin	0003_logentry_add_action_flag_choices	2026-02-19 09:36:37.333025+05:30
6	contenttypes	0002_remove_content_type_name	2026-02-19 09:36:37.348582+05:30
7	auth	0002_alter_permission_name_max_length	2026-02-19 09:36:37.356239+05:30
8	auth	0003_alter_user_email_max_length	2026-02-19 09:36:37.369203+05:30
9	auth	0004_alter_user_username_opts	2026-02-19 09:36:37.380163+05:30
10	auth	0005_alter_user_last_login_null	2026-02-19 09:36:37.401092+05:30
11	auth	0006_require_contenttypes_0002	2026-02-19 09:36:37.408833+05:30
12	auth	0007_alter_validators_add_error_messages	2026-02-19 09:36:37.421231+05:30
13	auth	0008_alter_user_username_max_length	2026-02-19 09:36:37.438723+05:30
14	auth	0009_alter_user_last_name_max_length	2026-02-19 09:36:37.447565+05:30
15	auth	0010_alter_group_name_max_length	2026-02-19 09:36:37.461596+05:30
16	auth	0011_update_proxy_permissions	2026-02-19 09:36:37.478373+05:30
17	auth	0012_alter_user_first_name_max_length	2026-02-19 09:36:37.486335+05:30
18	authtoken	0001_initial	2026-02-19 09:36:37.509942+05:30
19	authtoken	0002_auto_20160226_1747	2026-02-19 09:36:37.538864+05:30
20	authtoken	0003_tokenproxy	2026-02-19 09:36:37.542668+05:30
21	authtoken	0004_alter_tokenproxy_options	2026-02-19 09:36:37.549207+05:30
22	portfolio	0001_initial	2026-02-19 09:36:37.566105+05:30
23	portfolio	0002_rename_contact_contactmessage_project_slug_profile	2026-02-19 09:36:37.600954+05:30
24	sessions	0001_initial	2026-02-19 09:36:37.616144+05:30
25	portfolio	0003_profile_resume	2026-02-19 11:10:15.880558+05:30
\.


--
-- TOC entry 5175 (class 0 OID 17422)
-- Dependencies: 246
-- Data for Name: django_session; Type: TABLE DATA; Schema: public; Owner: postgres
--

COPY public.django_session (session_key, session_data, expire_date) FROM stdin;
dziiwn9gokguiogoan10h40t1o56k1y5	.eJxVjDsOwjAQRO_iGlnajX-hpOcM1tq7wQHkSHFSRdydREoBxTTz3symIq1LiWuTOY6srsqoy2-XKL-kHoCfVB-TzlNd5jHpQ9Enbfo-sbxvp_t3UKiVfQ2DNw4yg7cJBFAC8wCSEQF7ssZnF4CMF_DOEJAjC3sEO-p6pKA-X9kbN2A:1vtOi9:rVVXxfU9WXbiqoc-uUc_4ZtPXUIT-GdH90BWk0nc5fw	2026-03-06 17:00:17.0528+05:30
25tqcmd0nefbkmcv8ndarqiwh7ognvg9	.eJxVjEEOwiAQAP-yZ0NYSsH26N03kF1YpWogKe3J-HdD0oNeZybzhkD7lsPeZA1LghkMnH4ZU3xK6SI9qNyrirVs68KqJ-qwTV1rktflaP8GmVqGGaxGx2fERCKWvEzciZnYOsvOGMJBCFFbo6N3o8Gbi6MeGC058STw-QLERjcU:1vsvpK:0oEvwfCm0DEA5h5plm2htZV3s3mV-cR0Rr7gVF6aLF4	2026-03-05 10:09:46.378928+05:30
wnjveut19je9k7049g78xxg7zf66cfwc	.eJxVjMsKwjAQAP9lzxJi3unRe78hZDcbU5UWmvYk_rsUetDrzDBvSHnfWto7r2kqMICGyy_DTE-eD1Eeeb4vgpZ5WycURyJO28W4FH7dzvZv0HJvMICxUkbLXtZovSW8hlAUeQxkApPx2lmqnLWRBSU7NFFFVxXHrG1RqODzBdEqN7I:1vsvvq:UGkIY0JzyxWdpkT0s_3I7UtxiKF_oLJOFGUHvDgMxy8	2026-03-05 10:16:30.97354+05:30
zbqvc30vsmv627hy9a7v9nfswes3bf44	.eJxVjEsOwiAUAO_y1oZQ_nTp3jMQeA-kaiAp7cp4d9OkC93OTOYNIe5bDfvIa1gIZjBw-WUp4jO3Q9Ajtntn2Nu2LokdCTvtYLdO-XU9279BjaPCDDZZbZyzgrhJSNxGsiWpZL3MhbSTUhRvFCrpHGrE4knrSfGsuBA4EXy-41M3uQ:1vtJXh:18E_yYfMrNEV9KdJG8Aj9NO1xmhSEZNauFumMMZAgWI	2026-03-06 11:29:09.137444+05:30
\.


--
-- TOC entry 5168 (class 0 OID 17361)
-- Dependencies: 239
-- Data for Name: portfolio_contactmessage; Type: TABLE DATA; Schema: public; Owner: postgres
--

COPY public.portfolio_contactmessage (id, name, email, message, "timestamp") FROM stdin;
1	keerthana	keerthana76666@gmail.com	huyfgjkhjn	2026-02-19 11:36:10.779108+05:30
2	adi	adithyavinodnair2004@gmail.com	hi	2026-02-19 18:24:49.73378+05:30
3	adi	adithyavinodnair2004@gmail.com	hi iam suiiiiiiiiiii	2026-02-19 18:35:39.467812+05:30
4	anamikeshwari	shashtiyamoorthasaravanabhava@gmail.xyz	ith ara?	2026-02-19 21:26:55.439795+05:30
5	anamikeshwari	shashtiyamoorthasaravanabhava@gmail.xyz	ith ara?	2026-02-19 21:27:15.250357+05:30
6	anamikeshwari	anamikavinesh12@gmail.com	hiiii	2026-02-19 21:27:53.311984+05:30
7	Gautham G	gauthamg250204@gmail.com	hi	2026-02-20 10:58:07.348305+05:30
8	Gautham G	gauthamg250204@gmail.com	gi\r\n	2026-02-20 11:14:35.643784+05:30
9	Gautham G	gauthamg250204@gmail.com	hi	2026-02-20 11:15:58.450869+05:30
10	Gautham G	gauthamg250204@gmail.com	hi	2026-02-20 11:19:30.147659+05:30
11	Gautham G	v0idgy@gmail.com	hi	2026-02-20 11:55:13.660593+05:30
\.


--
-- TOC entry 5174 (class 0 OID 17403)
-- Dependencies: 245
-- Data for Name: portfolio_profile; Type: TABLE DATA; Schema: public; Owner: postgres
--

COPY public.portfolio_profile (id, bio, profile_pic, user_id, resume) FROM stdin;
1	I am cyber security enthusiast	profile_pics/2405c6eff7b1fd82e7b5356d0a6e2c63.jpg	1	resumes/CH_-_33_Existence_2.pdf
6		profile_pics/93db3235e9da884499f864f2182ecd68_YKpgbEZ.jpg	6	resumes/cv_final_final_1.pdf
4		profile_pics/93db3235e9da884499f864f2182ecd68.jpg	4	resumes/cv_final_final_1_36DRBnd.pdf
\.


--
-- TOC entry 5170 (class 0 OID 17374)
-- Dependencies: 241
-- Data for Name: portfolio_project; Type: TABLE DATA; Schema: public; Owner: postgres
--

COPY public.portfolio_project (id, title, description, image, tech_stack, github_link, live_link, created_at, slug) FROM stdin;
2	E-commerce Platform	A responsive e-commerce website	projects/pngtree-ecommerce-website-with-shopping-cart-with-the-shopping-cart-on-a-image_2975658.jpg	Django REST Framework, React, Stripe API	https://github.com/G20square/ecommerce-website-for-fashion-detail		2026-02-19 09:37:09.083295+05:30	e-commerce-platform
3	Task Management App	A productivity app to manage daily tasks and projects. Includes real-time updates and team collaboration features.	projects/images_1.jpg	Vue.js, Firebase, Node.js	https://github.com/G20square/taskmanager		2026-02-19 09:37:09.084771+05:30	task-management-app
\.


--
-- TOC entry 5172 (class 0 OID 17390)
-- Dependencies: 243
-- Data for Name: portfolio_skill; Type: TABLE DATA; Schema: public; Owner: postgres
--

COPY public.portfolio_skill (id, name, proficiency) FROM stdin;
1	Python	90
2	Django	85
3	JavaScript	80
4	HTML/CSS	95
5	PostgreSQL	75
6	Git	85
7	docker	67
9	linux	98
10	node	78
\.


--
-- TOC entry 5181 (class 0 OID 0)
-- Dependencies: 225
-- Name: auth_group_id_seq; Type: SEQUENCE SET; Schema: public; Owner: postgres
--

SELECT pg_catalog.setval('public.auth_group_id_seq', 1, false);


--
-- TOC entry 5182 (class 0 OID 0)
-- Dependencies: 227
-- Name: auth_group_permissions_id_seq; Type: SEQUENCE SET; Schema: public; Owner: postgres
--

SELECT pg_catalog.setval('public.auth_group_permissions_id_seq', 1, false);


--
-- TOC entry 5183 (class 0 OID 0)
-- Dependencies: 223
-- Name: auth_permission_id_seq; Type: SEQUENCE SET; Schema: public; Owner: postgres
--

SELECT pg_catalog.setval('public.auth_permission_id_seq', 48, true);


--
-- TOC entry 5184 (class 0 OID 0)
-- Dependencies: 231
-- Name: auth_user_groups_id_seq; Type: SEQUENCE SET; Schema: public; Owner: postgres
--

SELECT pg_catalog.setval('public.auth_user_groups_id_seq', 1, false);


--
-- TOC entry 5185 (class 0 OID 0)
-- Dependencies: 229
-- Name: auth_user_id_seq; Type: SEQUENCE SET; Schema: public; Owner: postgres
--

SELECT pg_catalog.setval('public.auth_user_id_seq', 6, true);


--
-- TOC entry 5186 (class 0 OID 0)
-- Dependencies: 233
-- Name: auth_user_user_permissions_id_seq; Type: SEQUENCE SET; Schema: public; Owner: postgres
--

SELECT pg_catalog.setval('public.auth_user_user_permissions_id_seq', 1, false);


--
-- TOC entry 5187 (class 0 OID 0)
-- Dependencies: 235
-- Name: django_admin_log_id_seq; Type: SEQUENCE SET; Schema: public; Owner: postgres
--

SELECT pg_catalog.setval('public.django_admin_log_id_seq', 7, true);


--
-- TOC entry 5188 (class 0 OID 0)
-- Dependencies: 221
-- Name: django_content_type_id_seq; Type: SEQUENCE SET; Schema: public; Owner: postgres
--

SELECT pg_catalog.setval('public.django_content_type_id_seq', 12, true);


--
-- TOC entry 5189 (class 0 OID 0)
-- Dependencies: 219
-- Name: django_migrations_id_seq; Type: SEQUENCE SET; Schema: public; Owner: postgres
--

SELECT pg_catalog.setval('public.django_migrations_id_seq', 25, true);


--
-- TOC entry 5190 (class 0 OID 0)
-- Dependencies: 238
-- Name: portfolio_contact_id_seq; Type: SEQUENCE SET; Schema: public; Owner: postgres
--

SELECT pg_catalog.setval('public.portfolio_contact_id_seq', 11, true);


--
-- TOC entry 5191 (class 0 OID 0)
-- Dependencies: 244
-- Name: portfolio_profile_id_seq; Type: SEQUENCE SET; Schema: public; Owner: postgres
--

SELECT pg_catalog.setval('public.portfolio_profile_id_seq', 6, true);


--
-- TOC entry 5192 (class 0 OID 0)
-- Dependencies: 240
-- Name: portfolio_project_id_seq; Type: SEQUENCE SET; Schema: public; Owner: postgres
--

SELECT pg_catalog.setval('public.portfolio_project_id_seq', 4, true);


--
-- TOC entry 5193 (class 0 OID 0)
-- Dependencies: 242
-- Name: portfolio_skill_id_seq; Type: SEQUENCE SET; Schema: public; Owner: postgres
--

SELECT pg_catalog.setval('public.portfolio_skill_id_seq', 10, true);


--
-- TOC entry 4938 (class 2606 OID 17340)
-- Name: auth_group auth_group_name_key; Type: CONSTRAINT; Schema: public; Owner: postgres
--

ALTER TABLE ONLY public.auth_group
    ADD CONSTRAINT auth_group_name_key UNIQUE (name);


--
-- TOC entry 4943 (class 2606 OID 17261)
-- Name: auth_group_permissions auth_group_permissions_group_id_permission_id_0cd325b0_uniq; Type: CONSTRAINT; Schema: public; Owner: postgres
--

ALTER TABLE ONLY public.auth_group_permissions
    ADD CONSTRAINT auth_group_permissions_group_id_permission_id_0cd325b0_uniq UNIQUE (group_id, permission_id);


--
-- TOC entry 4946 (class 2606 OID 17213)
-- Name: auth_group_permissions auth_group_permissions_pkey; Type: CONSTRAINT; Schema: public; Owner: postgres
--

ALTER TABLE ONLY public.auth_group_permissions
    ADD CONSTRAINT auth_group_permissions_pkey PRIMARY KEY (id);


--
-- TOC entry 4940 (class 2606 OID 17202)
-- Name: auth_group auth_group_pkey; Type: CONSTRAINT; Schema: public; Owner: postgres
--

ALTER TABLE ONLY public.auth_group
    ADD CONSTRAINT auth_group_pkey PRIMARY KEY (id);


--
-- TOC entry 4933 (class 2606 OID 17252)
-- Name: auth_permission auth_permission_content_type_id_codename_01ab375a_uniq; Type: CONSTRAINT; Schema: public; Owner: postgres
--

ALTER TABLE ONLY public.auth_permission
    ADD CONSTRAINT auth_permission_content_type_id_codename_01ab375a_uniq UNIQUE (content_type_id, codename);


--
-- TOC entry 4935 (class 2606 OID 17194)
-- Name: auth_permission auth_permission_pkey; Type: CONSTRAINT; Schema: public; Owner: postgres
--

ALTER TABLE ONLY public.auth_permission
    ADD CONSTRAINT auth_permission_pkey PRIMARY KEY (id);


--
-- TOC entry 4954 (class 2606 OID 17241)
-- Name: auth_user_groups auth_user_groups_pkey; Type: CONSTRAINT; Schema: public; Owner: postgres
--

ALTER TABLE ONLY public.auth_user_groups
    ADD CONSTRAINT auth_user_groups_pkey PRIMARY KEY (id);


--
-- TOC entry 4957 (class 2606 OID 17276)
-- Name: auth_user_groups auth_user_groups_user_id_group_id_94350c0c_uniq; Type: CONSTRAINT; Schema: public; Owner: postgres
--

ALTER TABLE ONLY public.auth_user_groups
    ADD CONSTRAINT auth_user_groups_user_id_group_id_94350c0c_uniq UNIQUE (user_id, group_id);


--
-- TOC entry 4948 (class 2606 OID 17230)
-- Name: auth_user auth_user_pkey; Type: CONSTRAINT; Schema: public; Owner: postgres
--

ALTER TABLE ONLY public.auth_user
    ADD CONSTRAINT auth_user_pkey PRIMARY KEY (id);


--
-- TOC entry 4960 (class 2606 OID 17250)
-- Name: auth_user_user_permissions auth_user_user_permissions_pkey; Type: CONSTRAINT; Schema: public; Owner: postgres
--

ALTER TABLE ONLY public.auth_user_user_permissions
    ADD CONSTRAINT auth_user_user_permissions_pkey PRIMARY KEY (id);


--
-- TOC entry 4963 (class 2606 OID 17290)
-- Name: auth_user_user_permissions auth_user_user_permissions_user_id_permission_id_14a6b632_uniq; Type: CONSTRAINT; Schema: public; Owner: postgres
--

ALTER TABLE ONLY public.auth_user_user_permissions
    ADD CONSTRAINT auth_user_user_permissions_user_id_permission_id_14a6b632_uniq UNIQUE (user_id, permission_id);


--
-- TOC entry 4951 (class 2606 OID 17333)
-- Name: auth_user auth_user_username_key; Type: CONSTRAINT; Schema: public; Owner: postgres
--

ALTER TABLE ONLY public.auth_user
    ADD CONSTRAINT auth_user_username_key UNIQUE (username);


--
-- TOC entry 4970 (class 2606 OID 17351)
-- Name: authtoken_token authtoken_token_pkey; Type: CONSTRAINT; Schema: public; Owner: postgres
--

ALTER TABLE ONLY public.authtoken_token
    ADD CONSTRAINT authtoken_token_pkey PRIMARY KEY (key);


--
-- TOC entry 4972 (class 2606 OID 17353)
-- Name: authtoken_token authtoken_token_user_id_key; Type: CONSTRAINT; Schema: public; Owner: postgres
--

ALTER TABLE ONLY public.authtoken_token
    ADD CONSTRAINT authtoken_token_user_id_key UNIQUE (user_id);


--
-- TOC entry 4966 (class 2606 OID 17317)
-- Name: django_admin_log django_admin_log_pkey; Type: CONSTRAINT; Schema: public; Owner: postgres
--

ALTER TABLE ONLY public.django_admin_log
    ADD CONSTRAINT django_admin_log_pkey PRIMARY KEY (id);


--
-- TOC entry 4928 (class 2606 OID 17184)
-- Name: django_content_type django_content_type_app_label_model_76bd3d3b_uniq; Type: CONSTRAINT; Schema: public; Owner: postgres
--

ALTER TABLE ONLY public.django_content_type
    ADD CONSTRAINT django_content_type_app_label_model_76bd3d3b_uniq UNIQUE (app_label, model);


--
-- TOC entry 4930 (class 2606 OID 17182)
-- Name: django_content_type django_content_type_pkey; Type: CONSTRAINT; Schema: public; Owner: postgres
--

ALTER TABLE ONLY public.django_content_type
    ADD CONSTRAINT django_content_type_pkey PRIMARY KEY (id);


--
-- TOC entry 4926 (class 2606 OID 17172)
-- Name: django_migrations django_migrations_pkey; Type: CONSTRAINT; Schema: public; Owner: postgres
--

ALTER TABLE ONLY public.django_migrations
    ADD CONSTRAINT django_migrations_pkey PRIMARY KEY (id);


--
-- TOC entry 4988 (class 2606 OID 17431)
-- Name: django_session django_session_pkey; Type: CONSTRAINT; Schema: public; Owner: postgres
--

ALTER TABLE ONLY public.django_session
    ADD CONSTRAINT django_session_pkey PRIMARY KEY (session_key);


--
-- TOC entry 4974 (class 2606 OID 17372)
-- Name: portfolio_contactmessage portfolio_contact_pkey; Type: CONSTRAINT; Schema: public; Owner: postgres
--

ALTER TABLE ONLY public.portfolio_contactmessage
    ADD CONSTRAINT portfolio_contact_pkey PRIMARY KEY (id);


--
-- TOC entry 4983 (class 2606 OID 17413)
-- Name: portfolio_profile portfolio_profile_pkey; Type: CONSTRAINT; Schema: public; Owner: postgres
--

ALTER TABLE ONLY public.portfolio_profile
    ADD CONSTRAINT portfolio_profile_pkey PRIMARY KEY (id);


--
-- TOC entry 4985 (class 2606 OID 17415)
-- Name: portfolio_profile portfolio_profile_user_id_key; Type: CONSTRAINT; Schema: public; Owner: postgres
--

ALTER TABLE ONLY public.portfolio_profile
    ADD CONSTRAINT portfolio_profile_user_id_key UNIQUE (user_id);


--
-- TOC entry 4976 (class 2606 OID 17388)
-- Name: portfolio_project portfolio_project_pkey; Type: CONSTRAINT; Schema: public; Owner: postgres
--

ALTER TABLE ONLY public.portfolio_project
    ADD CONSTRAINT portfolio_project_pkey PRIMARY KEY (id);


--
-- TOC entry 4979 (class 2606 OID 17401)
-- Name: portfolio_project portfolio_project_slug_key; Type: CONSTRAINT; Schema: public; Owner: postgres
--

ALTER TABLE ONLY public.portfolio_project
    ADD CONSTRAINT portfolio_project_slug_key UNIQUE (slug);


--
-- TOC entry 4981 (class 2606 OID 17397)
-- Name: portfolio_skill portfolio_skill_pkey; Type: CONSTRAINT; Schema: public; Owner: postgres
--

ALTER TABLE ONLY public.portfolio_skill
    ADD CONSTRAINT portfolio_skill_pkey PRIMARY KEY (id);


--
-- TOC entry 4936 (class 1259 OID 17341)
-- Name: auth_group_name_a6ea08ec_like; Type: INDEX; Schema: public; Owner: postgres
--

CREATE INDEX auth_group_name_a6ea08ec_like ON public.auth_group USING btree (name varchar_pattern_ops);


--
-- TOC entry 4941 (class 1259 OID 17272)
-- Name: auth_group_permissions_group_id_b120cbf9; Type: INDEX; Schema: public; Owner: postgres
--

CREATE INDEX auth_group_permissions_group_id_b120cbf9 ON public.auth_group_permissions USING btree (group_id);


--
-- TOC entry 4944 (class 1259 OID 17273)
-- Name: auth_group_permissions_permission_id_84c5c92e; Type: INDEX; Schema: public; Owner: postgres
--

CREATE INDEX auth_group_permissions_permission_id_84c5c92e ON public.auth_group_permissions USING btree (permission_id);


--
-- TOC entry 4931 (class 1259 OID 17258)
-- Name: auth_permission_content_type_id_2f476e4b; Type: INDEX; Schema: public; Owner: postgres
--

CREATE INDEX auth_permission_content_type_id_2f476e4b ON public.auth_permission USING btree (content_type_id);


--
-- TOC entry 4952 (class 1259 OID 17288)
-- Name: auth_user_groups_group_id_97559544; Type: INDEX; Schema: public; Owner: postgres
--

CREATE INDEX auth_user_groups_group_id_97559544 ON public.auth_user_groups USING btree (group_id);


--
-- TOC entry 4955 (class 1259 OID 17287)
-- Name: auth_user_groups_user_id_6a12ed8b; Type: INDEX; Schema: public; Owner: postgres
--

CREATE INDEX auth_user_groups_user_id_6a12ed8b ON public.auth_user_groups USING btree (user_id);


--
-- TOC entry 4958 (class 1259 OID 17302)
-- Name: auth_user_user_permissions_permission_id_1fbb5f2c; Type: INDEX; Schema: public; Owner: postgres
--

CREATE INDEX auth_user_user_permissions_permission_id_1fbb5f2c ON public.auth_user_user_permissions USING btree (permission_id);


--
-- TOC entry 4961 (class 1259 OID 17301)
-- Name: auth_user_user_permissions_user_id_a95ead1b; Type: INDEX; Schema: public; Owner: postgres
--

CREATE INDEX auth_user_user_permissions_user_id_a95ead1b ON public.auth_user_user_permissions USING btree (user_id);


--
-- TOC entry 4949 (class 1259 OID 17334)
-- Name: auth_user_username_6821ab7c_like; Type: INDEX; Schema: public; Owner: postgres
--

CREATE INDEX auth_user_username_6821ab7c_like ON public.auth_user USING btree (username varchar_pattern_ops);


--
-- TOC entry 4968 (class 1259 OID 17359)
-- Name: authtoken_token_key_10f0b77e_like; Type: INDEX; Schema: public; Owner: postgres
--

CREATE INDEX authtoken_token_key_10f0b77e_like ON public.authtoken_token USING btree (key varchar_pattern_ops);


--
-- TOC entry 4964 (class 1259 OID 17328)
-- Name: django_admin_log_content_type_id_c4bce8eb; Type: INDEX; Schema: public; Owner: postgres
--

CREATE INDEX django_admin_log_content_type_id_c4bce8eb ON public.django_admin_log USING btree (content_type_id);


--
-- TOC entry 4967 (class 1259 OID 17329)
-- Name: django_admin_log_user_id_c564eba6; Type: INDEX; Schema: public; Owner: postgres
--

CREATE INDEX django_admin_log_user_id_c564eba6 ON public.django_admin_log USING btree (user_id);


--
-- TOC entry 4986 (class 1259 OID 17433)
-- Name: django_session_expire_date_a5c62663; Type: INDEX; Schema: public; Owner: postgres
--

CREATE INDEX django_session_expire_date_a5c62663 ON public.django_session USING btree (expire_date);


--
-- TOC entry 4989 (class 1259 OID 17432)
-- Name: django_session_session_key_c0390e0f_like; Type: INDEX; Schema: public; Owner: postgres
--

CREATE INDEX django_session_session_key_c0390e0f_like ON public.django_session USING btree (session_key varchar_pattern_ops);


--
-- TOC entry 4977 (class 1259 OID 17416)
-- Name: portfolio_project_slug_43fe0722_like; Type: INDEX; Schema: public; Owner: postgres
--

CREATE INDEX portfolio_project_slug_43fe0722_like ON public.portfolio_project USING btree (slug varchar_pattern_ops);


--
-- TOC entry 4991 (class 2606 OID 17267)
-- Name: auth_group_permissions auth_group_permissio_permission_id_84c5c92e_fk_auth_perm; Type: FK CONSTRAINT; Schema: public; Owner: postgres
--

ALTER TABLE ONLY public.auth_group_permissions
    ADD CONSTRAINT auth_group_permissio_permission_id_84c5c92e_fk_auth_perm FOREIGN KEY (permission_id) REFERENCES public.auth_permission(id) DEFERRABLE INITIALLY DEFERRED;


--
-- TOC entry 4992 (class 2606 OID 17262)
-- Name: auth_group_permissions auth_group_permissions_group_id_b120cbf9_fk_auth_group_id; Type: FK CONSTRAINT; Schema: public; Owner: postgres
--

ALTER TABLE ONLY public.auth_group_permissions
    ADD CONSTRAINT auth_group_permissions_group_id_b120cbf9_fk_auth_group_id FOREIGN KEY (group_id) REFERENCES public.auth_group(id) DEFERRABLE INITIALLY DEFERRED;


--
-- TOC entry 4990 (class 2606 OID 17253)
-- Name: auth_permission auth_permission_content_type_id_2f476e4b_fk_django_co; Type: FK CONSTRAINT; Schema: public; Owner: postgres
--

ALTER TABLE ONLY public.auth_permission
    ADD CONSTRAINT auth_permission_content_type_id_2f476e4b_fk_django_co FOREIGN KEY (content_type_id) REFERENCES public.django_content_type(id) DEFERRABLE INITIALLY DEFERRED;


--
-- TOC entry 4993 (class 2606 OID 17282)
-- Name: auth_user_groups auth_user_groups_group_id_97559544_fk_auth_group_id; Type: FK CONSTRAINT; Schema: public; Owner: postgres
--

ALTER TABLE ONLY public.auth_user_groups
    ADD CONSTRAINT auth_user_groups_group_id_97559544_fk_auth_group_id FOREIGN KEY (group_id) REFERENCES public.auth_group(id) DEFERRABLE INITIALLY DEFERRED;


--
-- TOC entry 4994 (class 2606 OID 17277)
-- Name: auth_user_groups auth_user_groups_user_id_6a12ed8b_fk_auth_user_id; Type: FK CONSTRAINT; Schema: public; Owner: postgres
--

ALTER TABLE ONLY public.auth_user_groups
    ADD CONSTRAINT auth_user_groups_user_id_6a12ed8b_fk_auth_user_id FOREIGN KEY (user_id) REFERENCES public.auth_user(id) DEFERRABLE INITIALLY DEFERRED;


--
-- TOC entry 4995 (class 2606 OID 17296)
-- Name: auth_user_user_permissions auth_user_user_permi_permission_id_1fbb5f2c_fk_auth_perm; Type: FK CONSTRAINT; Schema: public; Owner: postgres
--

ALTER TABLE ONLY public.auth_user_user_permissions
    ADD CONSTRAINT auth_user_user_permi_permission_id_1fbb5f2c_fk_auth_perm FOREIGN KEY (permission_id) REFERENCES public.auth_permission(id) DEFERRABLE INITIALLY DEFERRED;


--
-- TOC entry 4996 (class 2606 OID 17291)
-- Name: auth_user_user_permissions auth_user_user_permissions_user_id_a95ead1b_fk_auth_user_id; Type: FK CONSTRAINT; Schema: public; Owner: postgres
--

ALTER TABLE ONLY public.auth_user_user_permissions
    ADD CONSTRAINT auth_user_user_permissions_user_id_a95ead1b_fk_auth_user_id FOREIGN KEY (user_id) REFERENCES public.auth_user(id) DEFERRABLE INITIALLY DEFERRED;


--
-- TOC entry 4999 (class 2606 OID 17354)
-- Name: authtoken_token authtoken_token_user_id_35299eff_fk_auth_user_id; Type: FK CONSTRAINT; Schema: public; Owner: postgres
--

ALTER TABLE ONLY public.authtoken_token
    ADD CONSTRAINT authtoken_token_user_id_35299eff_fk_auth_user_id FOREIGN KEY (user_id) REFERENCES public.auth_user(id) DEFERRABLE INITIALLY DEFERRED;


--
-- TOC entry 4997 (class 2606 OID 17318)
-- Name: django_admin_log django_admin_log_content_type_id_c4bce8eb_fk_django_co; Type: FK CONSTRAINT; Schema: public; Owner: postgres
--

ALTER TABLE ONLY public.django_admin_log
    ADD CONSTRAINT django_admin_log_content_type_id_c4bce8eb_fk_django_co FOREIGN KEY (content_type_id) REFERENCES public.django_content_type(id) DEFERRABLE INITIALLY DEFERRED;


--
-- TOC entry 4998 (class 2606 OID 17323)
-- Name: django_admin_log django_admin_log_user_id_c564eba6_fk_auth_user_id; Type: FK CONSTRAINT; Schema: public; Owner: postgres
--

ALTER TABLE ONLY public.django_admin_log
    ADD CONSTRAINT django_admin_log_user_id_c564eba6_fk_auth_user_id FOREIGN KEY (user_id) REFERENCES public.auth_user(id) DEFERRABLE INITIALLY DEFERRED;


--
-- TOC entry 5000 (class 2606 OID 17417)
-- Name: portfolio_profile portfolio_profile_user_id_a9f50850_fk_auth_user_id; Type: FK CONSTRAINT; Schema: public; Owner: postgres
--

ALTER TABLE ONLY public.portfolio_profile
    ADD CONSTRAINT portfolio_profile_user_id_a9f50850_fk_auth_user_id FOREIGN KEY (user_id) REFERENCES public.auth_user(id) DEFERRABLE INITIALLY DEFERRED;


-- Completed on 2026-02-20 17:13:22

--
-- PostgreSQL database dump complete
--

\unrestrict D3jDHTmcdioJvwSvGHrkRWKFhDKckV3BaUn2pg8dInCxhhBqecN8k71z8ck0ngo

